Title,Price
System Shock,$39.99
"Warhammer 40,000: Dawn of War - Master Collection",$9.49
Ascension to the Throne,$0.59
Warhammer: Chaosbane Slayer Edition,$3.99
Diablo + Hellfire,$9.99
Heroes of Might and Magic® 3: Complete,$9.99
Deus Ex™ GOTY Edition,$0.97
[DLC] The Riftbreaker: Into The Dark,$9.99
Prince of Persia®: The Sands of Time,$1.99
System Shock: Enhanced Edition,$1.49
Hollow Knight,$7.49
Jazz Jackrabbit 2 Collection,$1.99
Weird West: Definitive Edition,$15.99
Worms: Armageddon,$2.24
[DLC] The Riftbreaker: Metal Terror,$5.99
Alan Wake,$4.49
"Warhammer 40,000: Space Marine",$9.99
UnderRail,$5.99
Beyond Good & Evil™,$2.99
[DLC] Solasta: Crown of the Magister - Palace of Ice,$14.99
The Riftbreaker,$17.99
Prince of Persia,$1.99
Warhammer: Mark of Chaos - Gold Edition,$2.49
Prince of Persia: Warrior Within,$1.99
"Warhammer 40,000: Fire Warrior",$0.89
Jazz Jackrabbit Collection,$1.79
Cube Escape Collection,$2.49
Deus Ex: Mankind Divided - Digital Deluxe Edition,$6.74
Prince of Persia: The Two Thrones,$1.99
S.T.A.L.K.E.R.: Call of Pripyat,$5.99
Dark Future: Blood Red States,$2.49
Middle-earth™: Shadow of War™ Definitive Edition,$8.99
S.T.A.L.K.E.R.: Clear Sky,$2.99
Empire Earth Gold Edition,$5.99
Rayman® Forever,$1.49
Bastard Bonds,$10.99
Rayman Origins,$3.99
Rayman 2: The Great Escape,$1.49
System Shock™ 2,$2.49
[DLC] Solasta: Crown of the Magister - Inner Strength,$5.99
The Incredible Adventures of Van Helsing: Final Cut,$4.49
Blood Bowl 2 - Legendary Edition,$5.99
S.T.A.L.K.E.R.: Shadow of Chernobyl,$5.99
"Warhammer 40,000: Chaos Gate",$2.49
METAL SLUG,$1.79
Blade Runner - Enhanced Edition,$6.49
Downfall: Redux,$2.79
Mirror's Edge™,$4.99
Disciples 2 Gold,$1.99
METAL GEAR SOLID,$9.99
DOOM II,$4.99
Apsulov: End of Gods,$1.99
Warhammer Quest 2: The End Times,$1.99
Flashback™,$0.99
"Warhammer 40,000: Gladius - Relics of War",$3.99
Middle-earth™: Shadow of Mordor™ Game of the Year Edition,$4.99
Rayman 3: Hoodlum Havoc,$1.49
METAL SLUG X,$1.79
Ctrl Alt Ego,$13.99
Pathfinder: Wrath of the Righteous - Enhanced Edition,$11.99
Pathfinder: Wrath of the Righteous - Mythic Edition,$26.68
HUNTDOWN,$3.99
Outlast 2,$4.49
Mordheim: City of the Damned,$1.99
Broforce,$2.99
Two Worlds Epic Edition,$2.49
Deus Ex 2: Invisible War,$0.97
Enclave - Digital Deluxe Version,$3.18
"Warhammer 40,000: Rites of War",$1.49
METAL SLUG 2,$2.09
Hocus Pocus,$1.19
Crystal Caves,$0.49
"[DLC] Warhammer 40,000: Gladius - Firepower Pack",$6.99
Planet of Lana,$17.99
Age of Wonders 4,$49.99
Lost Words: Beyond the Page,$1.49
Cyberpunk 2077,$59.99
Ion Fury,$9.99
Agarest: Generations of War 2,$3.99
Deus Ex: Human Revolution - Director’s Cut,$2.99
Outlast,$2.99
E.Y.E: Divine Cybermancy - Single-Player Edition,$2.39
Still Life 2,$0.79
Still Life,$0.79
Heroes of Might and Magic® 4: Complete,$9.99
Evil Islands,$1.79
SiN Gold,$2.49
Turok,$4.99
Realms of the Haunting,$0.59
[DLC] House Party - Detective Liz Katz in a Gritty Kitty Murder Mystery Expansion Pack,$8.99
To Hell With The Ugly,$17.99
Hands of Necromancy,$4.49
[DLC] Solasta: Crown of the Magister - Lost Valley,$9.09
[DLC] Solasta: Crown of the Magister Primal Calling,$5.59
Alwa's Legacy,$5.03
Observation,$6.24
"[DLC] Warhammer 40,000: Armageddon - Glory of Macragge",$1.49
"[DLC] Warhammer 40,000: Armageddon - Angels of Death",$1.49
"[DLC] Warhammer 40,000: Armageddon - Vulkan's Wrath",$1.49
The Fall,$0.99
Killer is Dead: Nightmare Edition,$1.99
Blood Bowl: Chaos Edition,$2.24
Alan Wake's American Nightmare,$2.69
Post Mortem,$0.79
METAL SLUG 3,$1.79
The Settlers® 2: Gold Edition,$9.99
Warhammer: Shadow of the Horned Rat,$1.49
Hocus Pocus,$1.19
Crystal Caves,$0.49
To Hell With The Ugly,$17.99
[DLC] Pathfinder: Wrath of the Righteous - Season Pass 2,$23.19
Mortal Shell - Digital Deluxe Edition,$8.81
"[DLC] Warhammer 40,000 Gladius – Escalation Pack",$5.94
The Inheritance of Crimson Manor,$7.99
Blade of Darkness,$7.49
HUNTDOWN,$3.99
Colony Ship: A Post-Earth Role Playing Game,$26.24
Lost Words: Beyond the Page,$1.49
Observation,$6.24
Yooka-Laylee and the Impossible Lair,$4.49
Warcraft I & II Bundle,$14.99
"Warhammer 40,000: Mechanicus - Omnissiah Edition",$6.99
[DLC] Hollow Knight - Gods & Nightmares,$2.49
"[DLC] Warhammer 40,000: Sanctus Reach - Horrors of the Warp",$4.49
AER – Memories of Old,$1.49
Ken Follett’s The Pillars of the Earth,$1.99
"[DLC] Warhammer 40,000: Sanctus Reach - Legacy of the Weirdboy",$2.99
Night in the Woods: Weird Autumn Edition,$9.99
Shadow Tactics: Blades of the Shogun,$3.99
[DLC] Battlefleet Gothic: Armada - Tau Empire,$1.99
The Witcher 3: Wild Hunt - Complete Edition,$49.99
Battlefleet Gothic: Armada,$2.99
The Silent Age,$1.99
Agarest: Generations of War 2,$3.99
Lone Survivor: The Director's Cut,$2.99
Rogue Legacy,$2.99
The Cat Lady,$1.99
E.Y.E: Divine Cybermancy - Single-Player Edition,$2.39
Mirror's Edge™,$4.99
LEGO Batman: The Videogame,$3.74
Neverwinter Nights 2 Complete,$19.99
Another World: 20th Anniversary Edition,$1.99
Kao the Kangaroo Trilogy,$2.49
Silent Hill 4: The Room,$9.99
Kao the Kangaroo Trilogy,$2.49
Stronghold HD,$5.99
Arcanum: Of Steamworks and Magick Obscura,$5.99
Caesar 3,$5.99
Might and Magic® 6-pack Limited Edition,$9.99
Warhammer: Shadow of the Horned Rat,$1.49
DOOM (1993),$4.99
Dreams in the Witch House,$9.34
[DLC] Rain World: Downpour,$12.74
[DLC] Succubus - Red Goddess,$4.99
[DLC] Alwa's Awakening The 8-Bit Edition,$2.99
Inscryption,$11.99
In Sound Mind - Deluxe Edition,$5.99
Tormented Souls,$12.99
Creepy Tale Bundle,$4.04
Superliminal,$9.99
Crystal Caves HD,$3.19
The Signifier Deluxe Edition,$5.49
CARRION,$7.99
[DLC] Danger Scavenger Soundtrack,$0.99
Shantae and the Seven Sirens,$17.99
"[DLC] Warhammer 40,000: Mechanicus - Heretek+ Edition",$5.84
Reventure,$1.99
State of Mind,$1.99
Agony + Agony UNRATED,$1.94
Conarium,$3.99
Scanner Sombre,$1.19
Stories Untold,$1.99
Night in the Woods: Weird Autumn Edition,$9.99
Alwa's Awakening,$2.99
Shadow Tactics: Blades of the Shogun,$3.99
The Uncertain: Last Quiet Day,$1.49
INSIDE,$4.99
Battlefleet Gothic: Armada,$2.99
Battlefleet Gothic: Armada - Complete Edition,$9.21
Megamagic: Wizards of the Neon Age,$2.99
Stardew Valley,$14.99
[DLC] Mordheim: City of the Damned - The Smuggler,$1.09
"[DLC] Warhammer 40,000: Armageddon - Soundtrack",$0.48
else Heart.Break(),$4.99
The Silent Age,$1.99
"Warhammer 40,000: Armageddon",$7.99
Gabriel Knight: Sins of the Fathers – 20th Anniversary Edition,$6.99
[DLC] Outlast: Whistleblower,$1.34
Project Zomboid,$19.99
Baldur's Gate: Enhanced Edition,$19.99
Lucius,$1.99
LEGO Harry Potter: Years 5-7,$4.99
"Warhammer 40,000: Armageddon",$7.99
Gabriel Knight: Sins of the Fathers – 20th Anniversary Edition,$6.99
[DLC] Outlast: Whistleblower,$1.34
Project Zomboid,$19.99
Baldur's Gate: Enhanced Edition,$19.99
Lucius,$1.99
LEGO Harry Potter: Years 5-7,$4.99
Two Worlds II: Epic Edition,$4.99
LEGO Harry Potter: Years 1-4,$4.99
Fallout 3: Game of the Year Edition,$19.99
NecroVision,$0.99
Broken Sword: Director's Cut,$5.99
Heroes of Might and Magic® 5: Bundle,$19.99
SWAT 4: Gold Edition,$9.99
Silent Hill 4: The Room,$9.99
Empires: Dawn of the Modern World,$9.99
The Temple of Elemental Evil,$5.99
Ghost Master,$1.19
Star Trek™: Voyager - Elite Force,$9.99
Jagged Alliance 2,$4.99
Tomb Raider 1+2+3,$9.99
Secret Agent,$0.49
Return,$17.99
Everdream Valley,$19.99
Country Bumpkin Yutaka,$13.49
Obscurite Magie: The Blood of Kings,$14.99
Jenni's DONG has got it GOIN' ON: The Jenni Trilogy,$9.99
ArcRunner,$17.99
[DLC] DYSMANTLE: Doomsday,$8.99
"[DLC] Warhammer 40,000: Gladius - Adepta Sororitas",$11.99
[DLC] Succubus - Nasty Outfits,$1.79
Moonscars,$13.99
Roadwarden,$7.69
[DLC] Succubus - Onoskelis,$3.59
"[DLC] Warhammer 40,000 Gladius – Escalation Pack",$5.94
Wildcat Gun Machine Supporter Bundle,$4.39
[DLC] HuniePop 2: Double Date - Deluxe Edition Upgrade,$6.99
[DLC] X4: Tides of Avarice,$14.99
[DLC] Being a DIK - Season 2,$19.99
[DLC] Succubus - Demons of the past,$3.74
Monster Bash HD,$3.99
[DLC] The Riftbreaker Original Soundtrack,$5.99
Sheltered 2,$4.99
Timberborn,$19.99
Save me Mr Tako: Definitive Edition,$7.49
Inferno - Beyond the 7th Circle,$3.39
HuniePop 2: Double Date,$19.99
Disjunction,$5.43
